cobble.txt - Trust Traders,http://www.trusttraders.com/wp-content/uploads/2016/02/cobble.txt
https://www.cadb.pitt.edu/ossa/groundstone.txt,https://www.cadb.pitt.edu/ossa/groundstone.txt
Cobble Hill Cemetery,http://files.usgwarchives.net/ny/erie/cemeteries/boston/cobblehill.txt
NPI:1326478207 | National Provider Identifier Registry - HIPAASpace,https://www.hipaaspace.com/medical_billing/coding/national_provider_identifier/codes/npi_1326478207.txt
https://www.suny.edu/about/leadership/board-of-tru...,https://www.suny.edu/about/leadership/board-of-trustees/meetings/webcastdocs/III6_Success%2520-%2520Cobble%2520Hill%2520Renewal%2520Report.txt
https://data.kansasgis.org/catalog/environmental_r...,https://data.kansasgis.org/catalog/environmental_resources/nwi/mapcode.txt
https://www.ngs.noaa.gov/web/surveys/NSRS2007/Stat...,https://www.ngs.noaa.gov/web/surveys/NSRS2007/StatusReports/Statistics.102406/Rejected/id.rejected.txt
assewq_meta.txt - EPA,https://www.epa.gov/sites/default/files/2015-11/assewq_meta.txt
"Full text of ""Cobblestone"" - Internet Archive",https://archive.org/stream/cobblestone1957rich/cobblestone1957rich_djvu.txt
90 carpenter - H.J. Andrews Experimental Forest,https://andrewsforest.oregonstate.edu/data/studies/sp01/profiles/prof90.txt
