Cracked/wordlist.txt at master · kyswn/Cracked · GitHub,https://github.com/kyswn/Cracked/blob/master/wordlist.txt
Cracker-Prompt/Cracked GPT by Cracked GPT.txt at main - GitHub,https://github.com/LuukieLucas/Cracker-Prompt/blob/main/Cracked%2520GPT%2520by%2520Cracked%2520GPT.txt
Cracked The Bouncing Souls Chords and Lyrics for Guitar - Chordie,https://www.chordie.com/chord.pere/www.xguitar.com/guitar-tabs/bouncing_souls/bouncing_souls/cracked.txt
cracking.txt - Packet Storm,https://dl.packetstormsecurity.net/Crack/cracking.txt
The Parable of the Cracked Pot,https://www.comp.nus.edu.sg/~tankl/pot.txt
crack.txt - RSI,http://rsi.unl.edu/text/crack.txt
intl_sol_075b.txt - USDA Farm Service Agency,https://www.fsa.usda.gov/Internet/FSA_DACO_ComOps_Rpts/intl_sol_075b.txt
Chinese Lottery Cryptanalysis Revisited - » RFC Editor,https://www.rfc-editor.org/rfc/rfc3607.txt
pwgen Crackable Passwords - Packet Storm,http://packetstormsecurity.org/files/108748/pwgen-cracked.txt
OM603_Head_FAQ.txt - W124 Performance,https://www.w124performance.com/docs/mb/articles/OM603_Head_FAQ.txt
