https://apex.oracle.com/kscope22lab-6192893d0d51a3...,https://apex.oracle.com/kscope22lab-6192893d0d51a38fb527fab91e33c8f9f7c26523/2-creating-search-page/files/lab-2.sql
demo-graphql-nestjs/schema.sql at master · ksivamuthu/demo ...,https://github.com/ksivamuthu/demo-graphql-nestjs/blob/master/schema.sql
非凡体育,https://hi-in.facebook.com/public/%25E9%259D%259E%25E5%2587%25A1%25E4%25BD%2593%25E8%2582%25B2-%25E7%2583%2588%25E7%2581%25AB%25E7%259A%2587%25E5%259F%258E%25E5%258F%2598%25E6%2580%2581%25E7%2589%2588APP%25E4%25B8%258B%25E8%25BD%25BD%25EF%25BC%2588%25E5%2585%25B3%25E4%25BA%258E%25E7%2583%2588%25E7%2581%25AB%25E7%259A%2587%25E5%259F%258E%25E5%258F%2598%25E6%2580%2581%25E7%2589%2588APP%25E4%25B8%258B%25E8%25BD%25BD%25E7%259A%2584%25E7%25AE%2580%25E4%25BB%258B%25EF%25BC%2589-(%25E5%25A4%258D%25E5%2588%25B6%25E6%2589%2593%25E5%25BC%2580%25EF%25BC%259Ahk589.cn)_3d%25E8%25A7%2592%25E8%2589%25B2%25E6%2589%25AE%25E6%25BC%2594%25E6%2589%258B%25E6%25B8%25B8%25E6%258E%2592%25E8%25A1%258C%25E6%25B3%25A8%25E5%2586%258C%25EF%25BC%2588%25E5%2585%25B3%25E4%25BA%258E3d%25E8%25A7%2592%25E8%2589%25B2%25E6%2589%25AE%25E6%25BC%2594%25E6%2589%258B%25E6%25B8%25B8%25E6%258E%2592%25E8%25A1%258C%25E6%25B3%25A8%25E5%2586%258C%25E7%259A%2584%25E7%25AE%2580%25E4%25BB%258B%25EF%25BC%2589-(%25E5%25A4%258D%25E5%2588%25B6%25E6%2589%2593%25E5%25BC%2580%25EF%25BC%259Ahk589.cn).sql
https://www.fer.unizg.hr/_download/repository/Midt...,https://www.fer.unizg.hr/_download/repository/MidtermExam_2019_20struct_en.sql
https://raw.githubusercontent.com/hasura/snowflake...,https://raw.githubusercontent.com/hasura/snowflake-quickstart/main/sql/sample_music_database.sql%3Futm_cta%3Dwebsite-webinars-featured-migration-webinar-series
Text Publishing — Blog,https://www.textpublishing.com.au/blog/page/90.sql
awswordpress-brownlr4 - files - wordpress.sql - GitLab,https://gitlab.csi.miamioh.edu/brownlr4/awswordpress-brownlr4/-/blob/dev/files/wordpress.sql
assist - respnav - data - database.sql - GitLab - Virginia Tech,https://code.vt.edu/gcourt3/assist/blob/816dcd8ae2833edbd940aa3706dff94a2e6bedf2/respnav/data/database.sql
assist - data - database_base_bk.sql - GitLab - Virginia Tech,https://code.vt.edu/gcourt3/assist/-/blob/3669d8774cd3a4088b994ad50d00328d8abd47bd/data/database_base_bk.sql
Welcome to Mailtraq WebMail - admin,http://43.255.181.138/loginsave9515125/backup.sql
https://raw.githubusercontent.com/hasura/snowflake...,https://raw.githubusercontent.com/hasura/snowflake-quickstart/main/sql/sample_music_database.sql%3Futm_cta%3Dwebsite-webinars-featured-migration-webinar-series
hackazon/database/demo_database.sql at master - GitHub,https://github.com/rapid7/hackazon/blob/master/database/demo_database.sql
"WBRZ News 2 Louisiana : Baton Rouge, LA | View Tags",https://www.wbrz.com/tags/%25E6%25B7%2584%25E5%258D%259A%25E6%25A1%2593%25E5%258F%25B0%25E5%258E%25BF%25E6%2589%25BE%25E5%25AD%25A6%25E7%2594%259F%25E5%25A6%25B9%25E6%2589%2593%25E7%2582%25AE%25E6%259C%258D%25E5%258A%25A1%25E3%2580%2590%25E5%25BE%25AE%25E4%25BF%25A133%25E2%2591%25A4%25E2%2591%25A382%25E3%2580%2591.sql
awswordpress-brownlr4 - files - wordpress.sql - GitLab,https://gitlab.csi.miamioh.edu/brownlr4/awswordpress-brownlr4/-/blob/dev/files/wordpress.sql
Lángoló Gitárok - Blog.hu,https://langologitarok.blog.hu/sql.sql%3Fpage%3D761
wordpress5 - backup.sql - GitLab - Desafio Latam,https://gitlab.desafiolatam.com/gon/wordpress5/blob/15aec3762bf46bc4ff7f91f2f52ae5463fc50a94/backup.sql
assist - data - database_base_bk.sql - GitLab - Virginia Tech,https://code.vt.edu/gcourt3/assist/-/blob/3669d8774cd3a4088b994ad50d00328d8abd47bd/data/database_base_bk.sql
Text Publishing — Blog,https://www.textpublishing.com.au/blog/page/91.sql
wp-ci-demo - db - wordpress.sql - GitLab,https://gitlab.dit.htwk-leipzig.de/martin.meszaros/wp-ci-demo/-/blob/c700f5cfb68c4c16e5d375c9824b0390446ea713/db/wordpress.sql
https://madata.bib.uni-mannheim.de/238/4/clinton.sql,https://madata.bib.uni-mannheim.de/238/4/clinton.sql
http://darwinday.humanists.org/dddb.20dec07.sql,http://darwinday.humanists.org/dddb.20dec07.sql
MvBlog,http://185.14.187.205:84/2.sql
Assign4_supp/art.sql · master · Classes / CS 3500 / a4 · GitLab,https://git.brandon-rodriguez.com/classes/cs_3500/a4/-/blob/master/Assign4_supp/art.sql
Nigerian Newspapers Online - Latest Nigeria News Headlines,https://www.latestnigeriannews.com/test/latestnigeriannews.sql
http://kjcoder.tistory.com/attachment/cfile22.uf@9...,http://kjcoder.tistory.com/attachment/cfile22.uf%4099239833598886D5309152.sql
"wbem - \""PHP",http://117.56.29.74/cache.sql
http://ch.lepage.free.fr/vieux_site/tcm/127.0.0.1.sql,http://ch.lepage.free.fr/vieux_site/tcm/127.0.0.1.sql
http://kob.this.is/newdump.sql,http://kob.this.is/newdump.sql
eXist,http://145.239.87.16:83/login/sources/vsadmin/main.php/database.sql
http://multimedia.albertalocalnews.com/reddeeradvo...,http://multimedia.albertalocalnews.com/reddeeradvocate/reddeer_class/reddeerTEST.sql
Search Netflix for power of thor megaways slot png Trang web cờ ...,https://unogs.com/search/power%2520of%2520thor%2520megaways%2520slot%2520png%2520%2520Trang%2520web%2520c%25E1%25BB%259D%2520b%25E1%25BA%25A1c%2520tr%25E1%25BB%25B1c%2520tuy%25E1%25BA%25BFn%2520l%25E1%25BB%259Bn%2520nh%25E1%25BA%25A5t%2520Vi%25E1%25BB%2587t%2520Nam%252C%2520w9bet.com%252C%2520%25C4%2591%25C3%25A1nh%2520nhau%2520v%25E1%25BB%259Bi%2520g%25C3%25A0%2520tr%25E1%25BB%2591ng%252C%2520b%25E1%25BA%25AFn%2520c%25C3%25A1%2520v%25C3%25A0%2520baccarat%252C%2520v%25C3%25A0%2520gi%25C3%25A0nh%2520%25C4%2591%25C6%25B0%25E1%25BB%25A3c%2520h%25C3%25A0ng%2520ch%25E1%25BB%25A5c%2520tri%25E1%25BB%2587u%2520gi%25E1%25BA%25A3i%2520th%25C6%25B0%25E1%25BB%259Fng%2520m%25E1%25BB%2597i%2520ng%25C3%25A0y..sql
http://80.88.92.213/62_connectisweb_wp.sql,http://80.88.92.213/62_connectisweb_wp.sql
http://ramel.com.br/ramel_site.sql,http://ramel.com.br/ramel_site.sql
Gateway Configuration Menu - statistics,http://ashelymadsions.com/trainerswar_test.sql
http://www.wbsscript.free.fr/files/tmp/test.sql,http://www.wbsscript.free.fr/files/tmp/test.sql
