hana-ml-samples/PAL-SQL/05. Association Rule - Apriori.sql at main,https://github.com/SAP-samples/hana-ml-samples/blob/main/PAL-SQL/05.%2520Association%2520Rule%2520-%2520Apriori.sql
SAP-samples/hana-graph-examples - GitHub,https://github.com/SAP-samples/hana-graph-examples/blob/main/GRAPH_PROCEDURE_EXAMPLES/BUILTIN_FUNCTIONS_ALGORITHMS/HANA_Cloud_2021Q1_Breadth_First_Search.sql
CR_IOT~1.SQL · master · examples / Oracle SAP Administration ...,https://resources.oreilly.com/examples/9781565926967/blob/master/CR_IOT~1.SQL
GitList,http://uisgplprod1.uis.edu/gitlist/cdm/blame/master/all/dean_objects.sql
sample_data.sql - Confluence Mobile - Support Wiki,https://wiki.scn.sap.com/wiki/display/Java/sample_data.sql
Akka.Persistence.Sql 1.5.12 - NuGet Gallery,https://www.nuget.org/packages/Akka.Persistence.Sql
https://raw.githubusercontent.com/remi-sap/sample-...,https://raw.githubusercontent.com/remi-sap/sample-property-graph/master/link_prediction.sql
Untitled,http://source.softcomsolutions.co.za/Released/6422011/1.sql
plugins/org.jkiss.dbeaver.ui.editors.sql · vertSeqCreate ... - GitCode,https://gitcode.net/mirrors/dbeaver/dbeaver/-/tree/vertSeqCreate%252311516/plugins/org.jkiss.dbeaver.ui.editors.sql%3Ffrom_codechina%3Dyes
java.lang.classnotfoundexception failed to find data source org ...,https://juejin.cn/s/java.lang.classnotfoundexception%2520failed%2520to%2520find%2520data%2520source%2520org.elasticsearch.spark.sql
