last-person-to-fit-in-the-elevator.sql - GitHub,https://github.com/yennanliu/CS_basics/blob/master/leetcode_SQL/last-person-to-fit-in-the-elevator.sql
last-person-to-fit-in-the-elevator.sql - GitHub,https://github.com/kamyu104/LeetCode-Solutions/blob/master/MySQL/last-person-to-fit-in-the-elevator.sql
hr_test_110622.sql - OpenMRS Wiki,https://wiki.openmrs.org/download/attachments/15139153/hr_test_110622.sql
https://raw.githubusercontent.com/hasura/snowflake...,https://raw.githubusercontent.com/hasura/snowflake-quickstart/main/sql/sample_music_database.sql%3Futm_cta%3Devents-page-featured-vhol
Text Publishing — Blog,https://www.textpublishing.com.au/blog/page/71.sql
gloss.sql · 586b4e70e22a39d5dfba29f564958b84480abf20 ... - GitLab,https://gitlab.openquake.org/communication/glossary/-/blob/586b4e70e22a39d5dfba29f564958b84480abf20/gloss.sql
ADSL,http://163.29.187.148/__zep__/js.sql
www.lrjj.cn/crm1.0/public/backup/20140319153115_al...,http://www.lrjj.cn/crm1.0/public/backup/20140319153115_all_v1.sql
robotlaw.sql - ServoyForge,https://www.servoyforge.net/attachments/download/332/robotlaw.sql
SQL/sqlite3.sql · f1663b06d934ec62a9493df669126d969dae26d3,https://gitlab.discs.ateneo.edu/brian/mymusiclist/blob/f1663b06d934ec62a9493df669126d969dae26d3/SQL/sqlite3.sql
ADSL - Web,http://61.67.72.100/2020.sql
https://akela.mendelu.cz/~xgono/dev/database-dump.sql,https://akela.mendelu.cz/~xgono/dev/database-dump.sql
/usr/share/glpi/plugins/fusinvinventory/install/mysql/pciid.sql,https://www.apt-browse.org/browse/ubuntu/trusty/universe/all/fusioninventory-for-glpi/2.4.0-1/file/usr/share/glpi/plugins/fusinvinventory/install/mysql/pciid.sql
dddb.20dec07.sql - Humanists.org,http://darwinday.humanists.org/dddb.20dec07.sql
database.sql · 0d3a41ad88c0fd1a0b869df97aaf6f5deb82a972 ...,https://projects.sucs.org/vectre/sucs-site/-/blob/0d3a41ad88c0fd1a0b869df97aaf6f5deb82a972/database.sql
multimedia.albertalocalnews.com/reddeeradvocate/re...,http://multimedia.albertalocalnews.com/reddeeradvocate/reddeer_class/reddeerTEST.sql
https://www.researchgate.net/profile/Ibnu_Asror/pu...,https://www.researchgate.net/profile/Ibnu_Asror/publication/333263799_Dataset_Slang_Handling/data/5ce52677299bf14d95af6958/MNB-v6.sql%3Forigin%3Dpublication_list
mguilhem91.free.fr/films/Guilhem.sql,http://mguilhem91.free.fr/films/Guilhem.sql
