build_test_only.txt - - The Go Programming Language,https://go.dev/src/cmd/go/testdata/script/build_test_only.txt
build_test_only.txt,https://tip.golang.org/src/cmd/go/testdata/script/build_test_only.txt%3Fm%3Dtext
2017-December.txt - OpenEmbedded,https://www.openembedded.org/pipermail/openembedded-core/2017-December.txt
reproducibility.cs.arizona.edu/v2/data/vldb12_LinJ...,http://reproducibility.cs.arizona.edu/v2/data/vldb12_LinJZXL11_build.txt
READ26G.TXT - Stars!wiki,https://wiki.starsautohost.org/wiki/READ26G.TXT
https://docs.fcc.gov/public/attachments/DA-00-395A...,https://docs.fcc.gov/public/attachments/DA-00-395A1.txt
b44373wgexv99wxcw2y.txt - SEC.gov,https://www.sec.gov/Archives/edgar/data/83530/000095013502004644/b44373wgexv99wxcw2y.txt
READ26H.TXT - Stars!wiki,https://wiki.starsautohost.org/wiki/READ26H.TXT
Nanobots/changelog.txt at master - GitHub,https://github.com/Nexela/Nanobots/blob/master/changelog.txt
Building-urban-resilience-principles-tools-and-practice.txt,https://documents1.worldbank.org/curated/en/320741468036883799/text/Building-urban-resilience-principles-tools-and-practice.txt
