Pasteboard-Viewer/app-store-description.txt at main - GitHub,https://github.com/sindresorhus/Pasteboard-Viewer/blob/main/app-store-description.txt
Uploaded Image - Pasteboard,https://pasteboard.co/robots.txt
https://docs.racket-lang.org/release/MrEd_100_Fram...,https://docs.racket-lang.org/release/MrEd_100_Framework.txt
35055-8.txt - Project Gutenberg,https://www.gutenberg.org/files/35055/35055-8.txt
https://brainbuffet.com/wp-content/uploads/AN18-10...,https://brainbuffet.com/wp-content/uploads/AN18-102-Animate-Overview.txt
58932-0.txt - Project Gutenberg,https://www.gutenberg.org/files/58932/58932-0.txt
https://www.cs.cmu.edu/afs/cs/project/ai-repositor...,https://www.cs.cmu.edu/afs/cs/project/ai-repository/ai/lang/scheme/impl/mit_scm/schematk/readme.txt
https://svn.red-bean.com/pyobjc/branches/pyobjc-1....,https://svn.red-bean.com/pyobjc/branches/pyobjc-1.4-branch/HISTORIC.txt
console_output.txt - Amazon AWS,https://entp-tender-production.s3.amazonaws.com/assets/67bfbc0c2deed4657567e606e6c0280e79f618ae/console_output.txt%3FAWSAccessKeyId%3DAKIAISVUXXOK32ATONEQ%26Expires%3D1995103699%26Signature%3Dx5tKl7HZp2YpzAci86POWQkA%252BeU%253D
fr100120.txt - Project Gutenberg Australia,https://gutenberg.net.au/ebooks/fr100120.txt
