"Full text of ""Guidelines for pest control in railcars for food ...",https://archive.org/stream/CAIN779074616/CAIN779074616_djvu.txt
"Full text of ""Para-dichlorobenzene as an insect fumigant""",https://archive.org/stream/paradichlorobenz167duck/paradichlorobenz167duck_djvu.txt
config.txt - The New York Times,https://www.nytimes.com/packages/html/health/20060628_MALARIA_FEATURE/config.txt
E26250P00464901agement0Pla... - World Bank Documents,https://documents1.worldbank.org/curated/en/173121468305123807/text/E26250P00464901agement0Plan1P004649.txt
Plain text - Times Of Swaziland,http://www.times.co.sz/feed/News/76369.txt
"Enforcing the ADA, A Status Report, October",https://archive.ada.gov/pubs/decrep.txt
55735-0.txt - Project Gutenberg,https://www.gutenberg.org/files/55735/55735-0.txt
files.usgwarchives.net/ok/beckham/vitals/deaths/do...,http://files.usgwarchives.net/ok/beckham/vitals/deaths/doyle.txt
PMC2567561.pdf.txt - World Health Organization (WHO),https://apps.who.int/iris/bitstream/handle/10665/268544/PMC2567561.pdf.txt%3Fsequence%3D2
tal105.txt - Department of Justice,https://www.justice.gov/d9/crt/legacy/2010/12/15/tal105.txt
https://www.nycirb.org/filings/WCRATES20.TXT,https://www.nycirb.org/filings/WCRATES20.TXT
https://www.nycirb.org/filings/WCrates2017.TXT,https://www.nycirb.org/filings/WCrates2017.TXT
0307671.txt - VA.gov,https://www.va.gov/vetapp03/files/0307671.txt
0402400.txt - VA.gov,https://www.va.gov/vetapp04/files/0402400.txt
https://ufdcimages.uflib.ufl.edu/AA/00/08/99/72/00...,https://ufdcimages.uflib.ufl.edu/AA/00/08/99/72/00345/00007.txt
90050000.txt - epa nepis - Environmental Protection Agency,https://nepis.epa.gov/Exe/ZyNET.exe/90050000.txt%3FZyActionW%3DDownload%26Client%3DEPA%26Index%3D2006%2520Thru%25202010%257C2000%2520Thru%25202005%257CPrior%2520to%25201976%257CHardcopy%2520Publications%26Docs%3D%26Query%3Dposter%26Time%3D%26EndTime%3D%26SearchMethod%3D2%26TocRestrict%3Dn%26Toc%3D%26TocEntry%3D%26QField%3D%26QFieldYear%3D%26QFieldMonth%3D%26QFieldDay%3D%26UseQField%3D%26IntQFieldOp%3D0%26ExtQFieldOp%3D0%26XmlQuery%3D%26File%3DD%253A%255CZYFILES%255CINDEX%2520DATA%255C00THRU05%255CTXT%255C00000013%255C90050000.txt%26User%3DANONYMOUS%26Password%3Danonymous%26SortMethod%3Dh%257C-%26MaximumDocuments%3D15%26FuzzyDegree%3D0%26ImageQuality%3Dr85g16/r85g16/x150y150g16/i500%26Display%3Dhpfr%26DefSeekPage%3Dx%26SearchBack%3DZyActionE%26Back%3DZyActionS%26BackDesc%3DResults%2520page
https://archives.lib.state.ma.us/bitstream/handle/...,https://archives.lib.state.ma.us/bitstream/handle/2452/117062/1776acts0039.txt%3Fsequence%3D1%26isAllowed%3Dy
www-pord.ucsd.edu/sgille/esys10/rev_final.txt,http://www-pord.ucsd.edu/sgille/esys10/rev_final.txt
https://chroniclingamerica.loc.gov/lccn/sn96077289...,https://chroniclingamerica.loc.gov/lccn/sn96077289/1942-08-18/ed-1/seq-8/ocr.txt
"ACQNET v3n035 (March 30, 1993)",http://webdoc.sub.gwdg.de/edoc/aw/acqnet/acq-v3n035.txt
https://aurora.auburn.edu/bitstream/handle/11200/1...,https://aurora.auburn.edu/bitstream/handle/11200/1897/1090CIRC.pdf.txt%3Fsequence%3D2%26isAllowed%3Dy
"Full text of ""Specification of Amelie Angelina Bonnet : fumigating the ...",https://archive.org/stream/b30748744/b30748744_djvu.txt
https://aurora.auburn.edu/bitstream/handle/11200/1...,https://aurora.auburn.edu/bitstream/handle/11200/1819/1004CIRC.pdf.txt%3Fsequence%3D2%26isAllowed%3Dy
"Full text of ""Fumigation of citrus trees"" - Internet Archive",https://archive.org/stream/CAT87202828/farmbul0923_djvu.txt
E26250P00464901agement0Pla... - World Bank Documents,https://documents1.worldbank.org/curated/en/173121468305123807/text/E26250P00464901agement0Plan1P004649.txt
"Enforcing the ADA, A Status Report, October",https://archive.ada.gov/pubs/decrep.txt
tal105.txt - Department of Justice,https://www.justice.gov/d9/crt/legacy/2010/12/15/tal105.txt
engineer00aver_0096.txt,https://ufdcimages.uflib.ufl.edu/AA/00/01/45/26/00001/engineer00aver_0096.txt
Plain text - Times Of Swaziland,http://www.times.co.sz/feed/News/76369.txt
files.usgwarchives.net/ok/beckham/vitals/deaths/do...,http://files.usgwarchives.net/ok/beckham/vitals/deaths/doyle.txt
55735-0.txt - Project Gutenberg,https://www.gutenberg.org/files/55735/55735-0.txt
1336144.txt - VA.gov,https://www.va.gov/vetapp13/Files4/1336144.txt
50139-0.txt - Project Gutenberg,https://www.gutenberg.org/files/50139/50139-0.txt
0206834.txt - VA.gov,https://www.va.gov/vetapp02/files02/0206834.txt
1994 10 000307 - Klarinet,http://test.woodwind.org/Databases/Klarinet/1994/10/000307.txt
https://archives.lib.state.ma.us/bitstream/handle/...,https://archives.lib.state.ma.us/bitstream/handle/2452/117062/1776acts0039.txt%3Fsequence%3D1%26isAllowed%3Dy
https://downloads.usda.library.cornell.edu/usda-es...,https://downloads.usda.library.cornell.edu/usda-esmis/files/6t053f984/r494vp106/gh93h244x/WWNatSumm-01-20-2010.txt
webdoc.sub.gwdg.de/edoc/aw/acqnet/acq-v3n035.txt,http://webdoc.sub.gwdg.de/edoc/aw/acqnet/acq-v3n035.txt
https://deriv.nls.uk/dcn7/7444/74448471.7.txt,https://deriv.nls.uk/dcn7/7444/74448471.7.txt
9808City CodeCh.21Housing Code.txt - Chattanooga.gov,https://chattanooga.gov/city-council-files/OrdinancesAndResolutions/Ordinances/Ordinances%25201992/9808City%2520CodeCh.21Housing%2520Code.txt
