E16ZLZ_caption_en.txt - PBS,https://ga.video.cdn.pbs.org/captions/new-scandinavian-cooking/bc86ef85-15e2-4af2-b1d8-f7ea5a14b1f0/captions/E16ZLZ_caption_en.txt
sardine/LICENSE.txt at master - GitHub,https://github.com/lookfirst/sardine/blob/master/LICENSE.txt
Playing Sardines,https://www.thevalkyrie.com/stories/jed/sardines.txt
https://digital.csic.es/bitstream/10261/3330/8/147...,https://digital.csic.es/bitstream/10261/3330/8/1471-2148-7-197.pdf.txt
The Original Hip-Hop (Rap) Lyrics Archive - OHHLA.com,https://ohhla.com/anonymous/mack_10/based_on/cantstop.m10.txt
IS 14890 (txt),https://archive.org/download/gov.in.is.14890.2001/is.14890.2001.txt
Sardine spawning.pdf.txt - Digital CSIC,https://digital.csic.es/bitstream/10261/327607/2/Sardine%2520spawning.pdf.txt
https://sapientia.ualg.pt/bitstream/10400.1/2409/4...,https://sapientia.ualg.pt/bitstream/10400.1/2409/4/Garridodiet08.pdf.txt
Ruby Mitchell - draft_Page_17.txt - University of Florida,https://ufdcimages.uflib.ufl.edu/MH/00/00/25/73/00001/Ruby%2520Mitchell%2520-%2520draft_Page_17.txt
2896962.txt,https://www.vacourts.gov/opinions/opncavtx/2896962.txt
