https://digital.csic.es/bitstream/10261/122855/6/5...,https://digital.csic.es/bitstream/10261/122855/6/524464.pdf.txt
Gasoline FAQ,https://www.mr2.com/TEXT/gasoline_faq.txt
E10730v500EIS010Managemen... - World Bank Documents,https://documents1.worldbank.org/curated/en/598891468776747492/text/E10730v500EIS010Management0Strategy.txt
Advanced recycling technologies to address Australia's plastic waste,https://www.csiro.au/-/media/News-releases/2021/Advanced-recycling-report/21-00312_REPORT_AdvancedRecycling_TXT.txt
https://researchonline.jcu.edu.au/1989/5/indexcode...,https://researchonline.jcu.edu.au/1989/5/indexcodes.txt
https://nepis.epa.gov/Exe/ZyNET.exe/00000N9Y.txt?Z...,https://nepis.epa.gov/Exe/ZyNET.exe/00000N9Y.txt%3FZyActionW%3DDownload%26Client%3DEPA%26Index%3D2016%2520Thru%25202020%257C2011%2520Thru%25202015%257C2000%2520Thru%25202005%257C2006%2520Thru%25202010%257CPrior%2520to%25201976%257C1976%2520Thru%25201980%257C1981%2520Thru%25201985%257C1986%2520Thru%25201990%257C1991%2520Thru%25201994%257C1995%2520Thru%25201999%257CHardcopy%2520Publications%26Docs%3D%26Query%3Dfoam%2520slabstock%2520polyurethane%2520blowing%2520molded%26Time%3D%26EndTime%3D%26SearchMethod%3D2%26TocRestrict%3Dn%26Toc%3D%26TocEntry%3D%26QField%3D%26QFieldYear%3D%26QFieldMonth%3D%26QFieldDay%3D%26UseQField%3D%26IntQFieldOp%3D0%26ExtQFieldOp%3D0%26XmlQuery%3D%26File%3DD%253A%255CZYFILES%255CINDEX%2520DATA%255C91THRU94%255CTXT%255C00000010%255C00000N9Y.txt%26User%3DANONYMOUS%26Password%3Danonymous%26SortMethod%3Dh%257C-%26MaximumDocuments%3D15%26FuzzyDegree%3D0%26ImageQuality%3Dr85g16/r85g16/x150y150g16/i500%26Display%3Dhpfr%26DefSeekPage%3Dx%26SearchBack%3DZyActionL%26Back%3DZyActionS%26BackDesc%3DResults%2520page
http://www.icc-hofmann.de/NewsTicker/202009/aussch...,http://www.icc-hofmann.de/NewsTicker/202009/ausschreibung-440777-2020-UK.txt
"Full text of ""USPTO Patents Application 09980727"" - Internet Archive",https://archive.org/stream/gov.uspto.patents.application.09980727/09980727-2003-11-21-00095-FOR_djvu.txt
spelling-bee-cli/words/validpangrams.txt at master - GitHub,https://github.com/ihollander/spelling-bee-cli/blob/master/words/validpangrams.txt
full-text - Open Collections,https://open.library.ubc.ca/media/download/full-text/24/1.0059133/0.txt
https://research-repository.st-andrews.ac.uk/bitst...,https://research-repository.st-andrews.ac.uk/bitstream/10023/4423/5/LewisDowniePhDThesis.pdf.txt
dictionary-enable2k.txt - request too many in,https://coursera.cs.princeton.edu/algs4/assignments/boggle/files/dictionary-enable2k.txt
https://ir.canterbury.ac.nz/bitstream/10092/11525/...,https://ir.canterbury.ac.nz/bitstream/10092/11525/3/DG_Opportunities.pdf.txt
More 10-letter words - TJ CompSci,https://compsci.sites.tjhsst.edu/ai/wordladder_2016/words_10.txt
2.ISCA-ISC-2014-Oral..,https://www.isca.in/rjrs/archive/special-ISC-2014/2.ISCA-ISC-2014-Oral-2AVFS-29.txt
Final-Waste-Management-Plan-Report-for ... - World Bank Documents,https://documents1.worldbank.org/curated/pt/597721542693464290/text/Final-Waste-Management-Plan-Report-for-LPRES-cleared.txt
https://digital.csic.es/bitstream/10261/27457/4/To...,https://digital.csic.es/bitstream/10261/27457/4/TopCatal_2009_52_1281_OA.pdf.txt
https://lutpub.lut.fi/bitstream/10024/161853/3/Har...,https://lutpub.lut.fi/bitstream/10024/161853/3/Harri%2520Nieminen%2520A4.pdf.txt
