https://www.recipesource.com/text/side-dishes/spic...,https://www.recipesource.com/text/side-dishes/spices/china-moon-ten1.txt
Products in Text - Moby Nicks,http://www.mobynicks.com/prices/MobyNicks%2520Product%2520List_11.txt
web.stanford.edu/class/archive/cs/cs106x/cs106x.11...,http://web.stanford.edu/class/archive/cs/cs106x/cs106x.1174/lectures/9-RecursiveBacktracking1/code/reducible/res/dictionary.txt
english - GitHub,https://raw.githubusercontent.com/micuat/metaphorpsum/nngm/text_en.txt
0000950123-03-008701.txt - SEC.gov,https://www.sec.gov/Archives/edgar/containers/fix130/1249230/0000950123-03-008701.txt
0000950123-04-002873.txt - SEC.gov,https://www.sec.gov/Archives/edgar/data/929716/000095012304002873/0000950123-04-002873.txt
61185-0.txt - Project Gutenberg,https://www.gutenberg.org/files/61185/61185-0.txt
Plain Text UTF-8 - Project Gutenberg,https://www.gutenberg.org/files/61445/61445-0.txt
here - MIT Mystery Hunt,https://puzzles.mit.edu/2022/puzzle/loves-labors-crossed/s__puzzle/twl06.txt
"Full text of ""USPTO Patents Application 09936317"" - Internet Archive",https://archive.org/stream/gov.uspto.patents.application.09936317/09936317-2006-04-27-00001-FOR_djvu.txt
