https://ufdcimages.uflib.ufl.edu/UF/00/08/73/70/00...,https://ufdcimages.uflib.ufl.edu/UF/00/08/73/70/00001/00140.txt
"Full text of ""Syringeal morphology, phylogeny, and evolution of the ...",https://archive.org/stream/syringealmorpho3043prum/syringealmorpho3043prum_djvu.txt
https://ufdcimages.uflib.ufl.edu/UF/00/08/73/70/00...,https://ufdcimages.uflib.ufl.edu/UF/00/08/73/70/00001/00185.txt
bywaysofvirginia00earll_djvu.txt - Loc - Library of Congress,https://tile.loc.gov/storage-services/public/gdcmassbookdig/bywaysofvirginia00earll/bywaysofvirginia00earll_djvu.txt
Fan or Foe - The Original Hip-Hop (Rap) Lyrics Archive,http://ohhla.com/anonymous/tech9ne/miserylk/fanorfoe.9ne.txt
F0nOYf_caption_en.txt - PBS,https://ga.video.cdn.pbs.org/captions/nature/acb29603-3019-4d6d-aed2-b52349e8eb40/captions/F0nOYf_caption_en.txt
https://genome.cshlp.org/content/suppl/2021/10/19/...,https://genome.cshlp.org/content/suppl/2021/10/19/gr.275989.121.DC1/SupplementalFileS1.txt
DDa/== readme/Devious Readme.txt at master Â· DeviousDevices/DDa,https://github.com/DeviousDevices/DDa/blob/master/%253D%253D%2520readme/Devious%2520Readme.txt
"Full text of ""A catalogue of birds, insects, &c"" - Internet Archive",https://archive.org/stream/b30543940/b30543940_djvu.txt
firstexploration00alv_djvu.txt - Loc,https://tile.loc.gov/storage-services/public/gdcmassbookdig/firstexploration00alv/firstexploration00alv_djvu.txt
