bensulfuron_me - USDA ARS,https://www.ars.usda.gov/ARSUserFiles/00000000/DatabaseFiles/PesticidePropertiesDatabase/IndividualPesticideFiles/BENSULFURON_ME.TXT
Untitled,https://stacks.cdc.gov/view/cdc/30118/cdc_30118_DS18.txt
MDN contributors - MDN Web Docs,https://developer.mozilla.org/en-US/docs/Web/Accessibility/ARIA/Roles/contributors.txt
MDN contributors - MDN Web Docs,https://developer.mozilla.org/en-US/docs/Web/Accessibility/ARIA/Roles/tab_role/contributors.txt
1787acts0048.txt (4.985Kb),https://archives.lib.state.ma.us/bitstream/handle/2452/104408/1787acts0048.txt%3Fsequence%3D1%26isAllowed%3Dy
1738acts0024.txt (5.585Kb),https://archives.lib.state.ma.us/bitstream/handle/2452/117954/1738acts0024.txt%3Fsequence%3D1%26isAllowed%3Dy
2000.full.txt - Journal of Nuclear Medicine,https://jnm.snmjournals.org/content/47/12/2000.full.txt
www.tdx.cat/bitstream/10803/9090/47/20Chapter5Sect...,http://www.tdx.cat/bitstream/10803/9090/47/20Chapter5Section3NiMDOP.pdf.txt
Harjani_Jitendra_et_al.pdf.txt - Digital CSIC,https://digital.csic.es/bitstream/10261/24659/4/Harjani_Jitendra_et_al.pdf.txt
https://digital.csic.es/bitstream/10261/19352/4/b6...,https://digital.csic.es/bitstream/10261/19352/4/b613466a.pdf.txt
https://diposit.ub.edu/dspace/bitstream/2445/67166...,https://diposit.ub.edu/dspace/bitstream/2445/67166/3/651926.pdf.txt
Adam Haymaker Will - USGenWeb Archives,http://files.usgwarchives.net/va/frederick/wills/h5260000.txt
https://repositorium.sdum.uminho.pt/bitstream/1822...,https://repositorium.sdum.uminho.pt/bitstream/1822/23329/4/JPHOTOCHEM-D-12-00698_Final.pdf.txt
https://bdigital.ufp.pt/bitstream/10284/8816/2/Ant...,https://bdigital.ufp.pt/bitstream/10284/8816/2/Anthrax_protective_antigen_JBSD_revision_2.pdf.txt
dist.txt - FamilySearch,https://www.familysearch.org/service/records/storage/das-mem/patron/v2/TH-904-67779-794-82/dist.txt%3Fctx%3DArtCtxPublic
CBDD_Structure_Terminology.txt - NCI EVS,https://evs.nci.nih.gov/ftp1/CBDD/CBDD_Structure_Terminology.txt
b610317k.txt - The Royal Society of Chemistry,https://www.rsc.org/suppdata/ce/b6/b610317k/b610317k.txt
https://riubu.ubu.es/bitstream/10259/4436/6/Morro-...,https://riubu.ubu.es/bitstream/10259/4436/6/Morro-EPJ_2017.pdf.txt
0598.txt - UFDC Image Array 2,https://ufdcimages.uflib.ufl.edu/AA/00/07/10/29/00138/0598.txt
