https://bio1152.nicerweb.com/Locked/media/ch45/ade...,https://bio1152.nicerweb.com/Locked/media/ch45/adenohypophysis.txt
Hypothalamus_and_hypophysis.txt - IS MUNI,https://is.muni.cz/el/med/podzim2020/aBFFY0121p/um/Hypothalamus_and_hypophysis.txt%3Fkod%3DaBFFY0121p%3Bpredmet%3D1273484%3Blang%3Den
https://is.muni.cz/el/med/jaro2016/VSFY0422p/um/is...,https://is.muni.cz/el/med/jaro2016/VSFY0422p/um/is-eng_General_principles_of_endocrine_functions._Hypothalamus._Adenohypophysis._Thyroid_gland..txt%3Fkod%3DAEB_A11%3Bpredmet%3D876918%3Blang%3Dcs
Cellosaurus_Disease_Terminolo...,https://evs.nci.nih.gov/ftp1/Cellosaurus/Archive/Cellosaurus_Disease_Terminology_2020-03-30.txt
http://agriculturejournals.cz/RePEc/caa/references...,http://agriculturejournals.cz/RePEc/caa/references/vet-200505-0007.txt
MeshTreeHierarchy.txt - National Library of Medicine,https://www.nlm.nih.gov/mesh/2016/download/MeshTreeHierarchy.txt
https://resource.odmu.edu.ua/chair/download/158207...,https://resource.odmu.edu.ua/chair/download/158207/zTfSGxY722wojSP6GrU5Ng/Diseases%2520of%2520the%2520endocrine%2520system.txt
https://www.informatics.jax.org/tissue/marker/repo...,https://www.informatics.jax.org/tissue/marker/report.txt%3FmrkKey%3D29997
https://www.informatics.jax.org/tissue/marker/repo...,https://www.informatics.jax.org/tissue/marker/report.txt%3FmrkKey%3D45901
https://repositorio.hff.min-saude.pt/bitstream/104...,https://repositorio.hff.min-saude.pt/bitstream/10400.10/2393/3/1261-1-9586-1-10-20191015.pdf.txt
