Hand-Under-Hand Strategies - National Center on Deaf-Blindness,https://www.nationaldb.org/media/doc/KS7.P2.HandUnderHand-Transcript.txt
Hand-Under-Hand Strategies - National Center on Deaf-Blindness,https://www.nationaldb.org/media/doc/KS7.P1.HandUnderHand-Transcript.txt
Sabotage - The Original Hip-Hop (Rap) Lyrics Archive,https://ohhla.com/anonymous/gngstarr/ownerz/sabotage.gsr.txt
Fresh - The Original Hip-Hop (Rap) Lyrics Archive,http://www.ohhla.com/anonymous/yung_mal/iceburg/fresh.mal.txt
Notes on chimp vs human genome. Locomotion implications of ...,https://www.cs.cmu.edu/~mason/chimpButts.txt
EFF Long Word List,https://www.eff.org/files/2016/07/18/eff_large_wordlist.txt
gp113003.txt - SEC.gov,https://www.sec.gov/files/rules/proposed/s72303/gp113003.txt
http://www.cs.toronto.edu/~jbrooke/CTRWpairs.txt,http://www.cs.toronto.edu/~jbrooke/CTRWpairs.txt
https://lore.kernel.org/lkml/20230507-brutishly-un...,https://lore.kernel.org/lkml/20230507-brutishly-underhand-48c2949eb46c%40spud/1-a.txt
Ukrainian Charity Scams Transcript,https://www.uspis.gov/wp-content/uploads/2022/04/Ukraine-Charity-Scams.txt
