http://www.gkc.org.uk/gkc/books/God_in_the_Cave.txt,http://www.gkc.org.uk/gkc/books/God_in_the_Cave.txt
christianpreach00garv_djvu.txt - Loc - Library of Congress,https://tile.loc.gov/storage-services/public/gdcmassbookdig/christianpreach00garv/christianpreach00garv_djvu.txt
The Everlasting Man - Project Gutenberg Australia,https://gutenberg.net.au/ebooks01/0100311.txt
The English Novel - Project Gutenberg,https://www.gutenberg.org/files/14469/14469-8.txt
aesthetics.1997-3.txt,https://cdn.ymaws.com/aesthetics-online.org/resource/resmgr/Archives/aesthetics.1997-3.txt
devilspulpit00tayl_djvu.txt - Loc,https://tile.loc.gov/storage-services/public/gdcmassbookdig/devilspulpit00tayl/devilspulpit00tayl_djvu.txt
dictionary.txt - CS@UCF,http://www.cs.ucf.edu/~dmarino/ucf/dictionary.txt
chrysostomastud00chasgoog_djvu.txt,https://ia601603.us.archive.org/34/items/chrysostomastud00chasgoog/chrysostomastud00chasgoog_djvu.txt
38375-8.txt - Project Gutenberg,https://www.gutenberg.org/files/38375/38375-8.txt
10-15-20030401.txt,http://www.scrabbleplayers.org/words/10-15-20030401.txt
0112AM.txt,https://faculty.ncssm.edu/~morrison/JTerm2021/12Jan21/0112AM.txt
https://www.ccel.org/ccel/h/harnack/dogma2/cache/d...,https://www.ccel.org/ccel/h/harnack/dogma2/cache/dogma2.txt
https://research-repository.st-andrews.ac.uk/bitst...,https://research-repository.st-andrews.ac.uk/bitstream/10023/15323/3/KirstyNicolMPhilThesis.pdf.txt
Plain Text UTF-8 - Project Gutenberg,http://djp3.westmont.edu/gutenberg/stacks/gutenberg/3/4/7/3470/3470.txt
Text - UWI Open Campus,https://global.uwi.edu/sites/default/files/bnccde/grote/groteplatov1.txt
core-decrypt/word_lists/11_letter_words.txt at master - GitHub,https://github.com/brichard19/core-decrypt/blob/master/word_lists/11_letter_words.txt
scrabble-dictionary.txt,http://web.stanford.edu/class/archive/cs/cs106x/cs106x.1174/lectures/8-Fractals/code/curved/res/scrabble-dictionary.txt
