http://www.syntax2000.co.uk/issues/71/morrow1.art.txt,http://www.syntax2000.co.uk/issues/71/morrow1.art.txt
The Story of Alchemy and the Beginnings of Chemistry,https://www.gutenberg.org/files/14218/14218-8.txt
Untitled,https://www.oocities.org/hypocrat_2000/coming.txt
https://pdf.searchdatasheet.com/ec416057/eupec.com...,https://pdf.searchdatasheet.com/ec416057/eupec.com/D1069N.txt
https://pic.hallikainen.org/techref/new200402.txt,https://pic.hallikainen.org/techref/new200402.txt
compendiumofever00mars_0_djvu.txt - Loc,https://tile.loc.gov/storage-services/public/gdcmassbookdig/compendiumofever00mars_0/compendiumofever00mars_0_djvu.txt
hermannvonhelmho00koenrich_...,https://ia800304.us.archive.org/35/items/hermannvonhelmho00koenrich/hermannvonhelmho00koenrich_djvu.txt
https://www.grund-wissen.de/elektronik/_sources/ba...,https://www.grund-wissen.de/elektronik/_sources/bauteile/thyristor.txt
Text - University of Illinois Library,https://libsysdigi.library.illinois.edu/OCA/Books2009-08/americanchemical/americanchemical351906balt/americanchemical351906balt_djvu.txt
http://osmocom-analog.eversberg.eu/docs/eurosignal...,http://osmocom-analog.eversberg.eu/docs/eurosignal_fu20.txt
https://doepfer.de/faq/TB303.txt,https://doepfer.de/faq/TB303.txt
gbatek.txt - Nocash,https://problemkaputt.de/gbatek.txt
https://pdf.datasheet.live/8a4639eb/eupec.com/T618...,https://pdf.datasheet.live/8a4639eb/eupec.com/T618N.txt
NEW Pixie2 Tips from WE6W - QSL.net,https://www.qsl.net/we6w/projects/pix_tips2.txt
"TEXT - University Library, University of Illinois",https://libsysdigi.library.uiuc.edu/OCA/Books2008-09/technograph/technograph3719241925cham/technograph3719241925cham_djvu.txt
DCC Repair Bulletins - DigitalCompactCassette.github.io,https://digitalcompactcassette.github.io/Documentation/Service%2520Manuals/philips_dcc_repair_bulletins.txt
7-to-make-8p.txt - Seattle Scrabble Club,http://www.seattlescrabble.org/data/7-to-make-8p.txt
list - Test Page for Apache Installation,https://azrael.digipen.edu/MAT258/7all.txt
https://www.piratenpraten.nl/schemas/3-mtr.info-Sh...,https://www.piratenpraten.nl/schemas/3-mtr.info-Shareware/shareware/RDVV%2520300mWatt/1x16chr-display.txt
