https://www.ietf.org/archive/id/draft-hutton-mmusi...,https://www.ietf.org/archive/id/draft-hutton-mmusic-icemicrolite-01.txt
How Many Licks (Remix) - The Original Hip-Hop (Rap) Lyrics Archive,http://www.ohhla.com/anonymous/lil_kim/rm_bside/licksrmx.kim.txt
"1998 Mars Orbiter, Lander, Microprobes set for launch - NASA",https://nssdc.gsfc.nasa.gov/planetary/text/mars98_pr_19981116.txt
https://www.ietf.org/archive/id/draft-hutton-mmusi...,https://www.ietf.org/archive/id/draft-hutton-mmusic-icemicrolite-02.txt
Ice blankets northern Illinois - Shaw Local,https://www.shawlocal.com/2007/12/02/ice-blankets-northern-illinois/aqriqsz/news04.txt
0608438.txt - VA.gov,https://www.va.gov/vetapp06/files2/0608438.txt
b908520c.txt - The Royal Society of Chemistry,https://www.rsc.org/suppdata/ce/b9/b908520c/b908520c.txt
here,https://www.cs.cmu.edu/~dst/ATG/bittenson.txt
713790WP0Box37000CDM0Glo...,https://documents.worldbank.org/curated/en/147861468326720321/text/713790WP0Box37000CDM0Glossary0Terms.txt
childrenofcold01schw_djvu.txt - Loc - The Library of Congress,https://tile.loc.gov/storage-services/public/gdcmassbookdig/childrenofcold01schw/childrenofcold01schw_djvu.txt
