Latest libwww Changes Committed to CVS - W3C,https://www.w3.org/Library/cvs2sql/www-sql/latest.sql
ssm-patch-compliance-distinct-ec2-instance-latest.sql - GitHub,https://github.com/aws-samples/cloud-trail-lake-query-samples/blob/main/ssm-patch-compliance-distinct-ec2-instance-latest.sql
zabbix-dashboard-extension/dashboard/latest-value.sql at master ...,https://github.com/zensquare/zabbix-dashboard-extension/blob/master/dashboard/latest-value.sql
Type.Sql Field (Microsoft.Azure.Management.CosmosDB.Models ...,https://learn.microsoft.com/en-us/dotnet/api/microsoft.azure.management.cosmosdb.models.type.sql%3Fview%3Daz-ps-latest
snowflake.snowpark.Session.sql,https://docs.snowflake.com/en/developer-guide/snowpark/reference/python/latest/api/snowflake.snowpark.Session.sql
_IQueryTable.Sql Property (Microsoft.Office.Interop.Excel) | Microsoft ...,https://learn.microsoft.com/en-us/dotnet/api/microsoft.office.interop.excel._iquerytable.sql%3Fview%3Dexcel-pia
gfac.sql in trunk – UltraScan 3 Grid Control - ultrascan.uthscsa.edu,https://www.sas.uthscsa.edu/us3_gridctl/browser/trunk/gfac.sql%3Frev%3D3
free credit just register the latest-✔️2023id.com✔️.Sql photos on ...,https://www.flickr.com/photos/tags/free%2520credit%2520just%2520register%2520the%2520latest-%25E2%259C%2594%25EF%25B8%258F2023id.com%25E2%259C%2594%25EF%25B8%258F.Sql
Digital_Repository/Old/pysocks/latest.sql at ...,https://isgb.otago.ac.nz/infosci/nigel.stanger/Digital_Repository/blob/2c7f05417f3d0550ec1edfb7cdd2c9eb1ca0dcea/Old/pysocks/latest.sql
moodle-latest-402.tgz: .../oci_native_moodle_package.sql | Fossies,https://fossies.org/linux/www/moodle-latest-402.tgz/moodle/lib/dml/oci_native_moodle_package.sql
Microsoft.Azure.Management.Sql 3.1.0-preview - NuGet Gallery,https://www.nuget.org/packages/Microsoft.Azure.Management.Sql
Latest version - GitHub,https://raw.githubusercontent.com/randolfgeist/oracle_scripts/master/xplan_ash.sql
Nigerian Newspapers Online - Latest Nigeria News Headlines,https://www.latestnigeriannews.com/test/mysql.sql
CommservSurveyQuery_235.sql - Commvault Metrics Reporting,https://edc.commvault.com/downloads/SQLScripts/CommservSurveyQuery_235.sql
Untitled,https://www.paypal.com/pl/cshelp/article/%257C2023%2BLatest%2BAirdrop%257CUSDT%2BFinance%257COnline%2BMining%257CYou%2Bcan%2Bearn%2Bat%2Bleast%2B100-1000%2Busdt%2Bevery%2Bday%257C%257CCrypto%2Bairdrop%257CUSDT%2Bearn%2Bmoney%257COnline%2Blearning%257CEarn%2Bat%2Bleast%2B100-1000%2Busdt%2Bevery%2Bday%257C%2528Telegram%2Bgroup%253A%2B%2540monfgher%2529%2B%2528WhatsApp%253A%252B85590339603%2529.sql
dap.plugins.sql - PyPI,https://pypi.python.org/pypi/dap.plugins.sql
GitList,http://uisgplprod.uis.edu/gitlist/CDM/blame/dcf258d1a0c147e91f2558230a903b74b00f111d/all/all_colleges.sql
smbinning.scoring.sql – R documentation - Quantargo,https://www.quantargo.com/help/r/latest/packages/smbinning/0.9/smbinning.scoring.sql
cone.sql - PyPI,https://badge.fury.io/py/cone.sql
Zákaznická podpora - Binance,https://www.binance.com/cs/support/FAQ/www_binance_com.sql
VirtualTestbed/conf/backend.eap.testbed.aaa/freeDiameter ...,http://www.freediameter.net/trac/log/VirtualTestbed/conf/backend.eap.testbed.aaa/freeDiameter/app_diameap.sql
com.google.cloud.sql - Maven Central - Sonatype,https://central.sonatype.com/namespace/com.google.cloud.sql
News | Hopital de Montreal pour enfants,https://www.hopitalpourenfants.com/news-and-events/latest-news/1.sql%3Fpage%3D117
SQL (Visual QuickStart Guide) by Chris Fehily | Goodreads,https://www.goodreads.com/book/show/2047683.SQL
"Latest News, Videos and Photos of Dragon Fortune ... - The Hans India",https://www.thehansindia.com/tags/Dragon%2520Fortune%25EF%25BC%2588S%25C3%25ADtio%2520Web%253Ann55.vip%25EF%25BC%2589THREE%2520KINGDOMS.sql
Videos for: 必赢亚洲www366net→→yaoji.net←←必 ... - MrDeepFakes,https://mrdeepfakes.com/search/%25E5%25BF%2585%25E8%25B5%25A2%25E4%25BA%259A%25E6%25B4%25B2www366net%25E2%2586%2592%25E2%2586%2592yaoji.net%25E2%2586%2590%25E2%2586%2590%25E5%25BF%2585%25E8%25B5%25A2%25E4%25BA%259A%25E6%25B4%25B2www366net.sql
File:BD Resistance Schema.sql,https://silico.biotoul.fr/p/File:BD_Resistance_Schema.sql
How to use the slonik.sql function in slonik - Snyk,https://snyk.io/advisor/npm-package/slonik/functions/slonik.sql
SQL Tutorial APK [UPDATED 2023-08-11] - APK20,https://www.apk20.com/apk/learnit.today.sql
Learn SQL - Latest version for Android - Download APK - ApkGK.Com,https://apkgk.com/com.sololearn.sql
SQL Training App (Offline) Latest Version 3.0 for Android - APKPure,https://apkpure.com/sql-training-app-offline/com.biiteducation.atul.sql
master · Aniket Agarwal / mysql-anime-project - GitLab,https://gitlab.scss.tcd.ie/agarwaan/mysql-anime-project/-/blob/master/CS4D2A-DATABASE-PROJECT/ANIME%2520DATABASE.sql
I'm sorry I forked you - SQLPage,https://sql.ophir.dev/blog.sql%3Fpost%3DI%25E2%2580%2599m%2520sorry%2520I%2520forked%2520you
SQL Tutorial for Android - Free App Download - AppBrain,https://www.appbrain.com/app/sql-tutorial/learnit.today.sql
SLAKEDBScript_V2.sql - Confluence,https://confluence.csiro.au/display/seegrid/SLAKEDBScript_V2.sql
http://download.caltech.se/download/fluke/SQLFULL_...,http://download.caltech.se/download/fluke/SQLFULL_ENU/x64/Setup/sql_engine_core_inst_msi/PFiles/SqlServr/MSSQL.X/MSSQL/Install/instmdw.sql
http://impepac.mx/wp-content/wp_db.sql,http://impepac.mx/wp-content/wp_db.sql
"WBRZ News 2 Louisiana : Baton Rouge, LA | View Tags",https://www.wbrz.com/tags/%25E5%25BF%25AB%25E4%25B8%2589%25E8%25B5%25B0%25E5%258A%25BF%25E5%2587%25BA%25E5%258F%25B7%25E5%258F%25A3%25E8%25AF%2580%253E%253E%25E5%25AE%2598%25E7%25BD%2591HF718.VIP-%25E5%25AF%25BC%25E5%25B8%2588QQ%253A1852836%2520-%25E9%2582%2580%25E8%25AF%25B7%25E7%25A0%2581%253A22228861%253C%253C%25E5%25BF%25AB3%25E6%258A%2580%25E5%25B7%25A7-%25E5%25BF%25AB3%25E5%2580%258D%25E6%258A%2595%25E6%258A%2580%25E5%25B7%25A7-%25E5%25BF%25AB3%25E6%258A%2580%25E5%25B7%25A7%25E8%25A7%2584%25E5%25BE%258B-%25E5%25BF%25AB3%25E8%25AE%25A1%25E5%2588%2592-%25E5%25BF%25AB3%25E5%25BC%2580%25E5%25A5%2596-%25E5%25BF%25AB3%25E5%2592%258C%25E5%2580%25BC%25E6%258A%2580%25E5%25B7%25A7%25E9%2595%25BF%25E4%25B9%2585%25E7%259B%2588%25E5%2588%25A9%25E8%25BD%25BB%25E6%259D%25BE%25E8%2583%259C%25E7%258E%258799%2525%252C%25E5%25B7%25B2%25E5%258A%25A9%25E4%25B8%258A%25E5%258D%2583%25E4%25BA%25BA%25E6%2588%2590%25E5%258A%259F%25E7%25BF%25BB%25E7%259B%2598.sql
